fuel_type,co2_emissions_g_km
D,237.66666666666666
E,275.0918918918919
N,213.0
X,235.11856946354882
Z,266.0453976205385
