vehicle_class,count
SUV - SMALL,25.596117324330024
MID-SIZE,23.86579447140747
COMPACT,21.544629668706477
SUV - STANDARD,15.5096011816839
FULL-SIZE,13.483857353872125
